cluster,n_cells,predicted_cell_type,evidence_markers,short_name
0,3679,Unknown,,"SFRP4, PTN, IGF1"
1,3657,Unknown,,"EGFL7, IFI27, RAMP3"
2,3504,Unknown,,"Q76M96, COL6A2, COL3A1"
3,3221,Unknown,,"ADH1B, SVEP1, APOD"
4,3192,Unknown,,"ASPN, FNDC1, TNC"
5,2992,Unknown,,"LGALS7B, S100A14, DMKN"
6,2639,Unknown,,"PECAM1, PLVAP, CLDN5"
7,2581,Unknown,,"SLCO2A1, SOX18, INSR"
8,2539,Unknown,,"CD3D, LTB, CD52"
9,2481,Unknown,,"MYH11, ADRA2A, ACTA2"
10,2112,Unknown,,"CSF3, VCAM1, ADAMTS9"
11,1865,Unknown,,"Q9UHF1, PECAM1, Q9BX97"
12,1804,Unknown,,"C5AR1, AIF1, CYBB"
13,1708,Unknown,,"DIO2, PTGDS, APCDD1"
14,1703,Unknown,,"WNT5A, IL24, CHI3L2"
15,1499,Unknown,,"Q8IUX8, Q8N474, MMP2"
16,1458,Unknown,,"CCDC102B, RGS5, NDUFA4L2"
17,1440,Unknown,,"DKK1, CILP, PCOLCE2"
18,1215,Unknown,,"KRT6A, CALML3, KRT17"
19,1199,Unknown,,"PI16, PRG4, SFRP2"
20,780,Unknown,,"TFF3, CCL21, PROX1"
21,779,Unknown,,"GNLY, NKG7, PRF1"
22,695,Unknown,,"FCER1A, CD1C, LGALS2"
23,585,Unknown,,"ACTA2, RGS5, Q9UM47"
24,578,Unknown,,"RGS5, RBP7, NR2F2"
25,577,Unknown,,"Q5TBB8, LCP1, LYZ"
26,566,Unknown,,"SFN, Q14574, DSP"
27,435,Unknown,,"PCSK1, NEGR1, CYP19A1"
28,386,Unknown,,"KRT19, AQP5, KRT7"
29,364,Unknown,,"ACKR1, SELE, AQP1"
30,363,Unknown,,"CPA3, TPSAB1, TPSB2"
31,341,Unknown,,"CCL18, LYZ, CYBB"
32,293,Unknown,,"PTPRC, CXCR4, NKG7"
33,266,Unknown,,"JCHAIN, MZB1, IGKC"
34,262,Unknown,,"CFD, CXCL14, FGFR3"
35,159,Unknown,,"TNC, INSR, SLCO2A1"
36,155,Unknown,,"NKG7, DUSP2, CCL5"
37,141,Unknown,,"ADRA2A, CCL5, CD7"
