sample,PC1,PC2
SRR14762238,128.20734188591734,-0.7337237394747197
SRR14762239,105.92502935494008,-3.096043541298108
SRR14762240,-35.93976535025009,-45.31878082563283
SRR14762241,-61.721154150106486,-54.84216083713553
SRR14762242,-19.156184213794816,-55.73929025004572
SRR14762243,-18.22710734352411,-54.78952766613303
SRR14762244,-63.43393970736341,-42.743352949986985
SRR14762245,-52.606502897866065,-30.87583980297052
SRR14762246,-23.236606685071113,106.459193189613
SRR14762247,-24.217487689939396,107.6755280086582
SRR14762248,71.49830512031046,-14.3091551937856
SRR14762250,67.97239915443724,-14.924910248368224
SRR14762251,-37.504303999728464,51.348197661931316
SRR14762252,-37.56002347797346,51.889866194630876
