paragraph_index,provenance,text
7,supplied manuscript text; not independently reproduced,"Peripheral artery disease (PAD) is frequently complicated by ischemic tissue injury and chronic wounds, yet most single-cell studies prioritize expression and leave expressed sequence variation underused. This study proposes a mutation-derived gene-burden framework that transforms single-cell RNA sequencing (scRNA-seq) reads into features for the analysis of wound-edge (WE) versus unwounded skin (UWE). Fourteen run-level observations from BioProject PRJNA736095, representing seven GEO biological samples, were aligned to GRCh38; expressed single-nucleotide variants and insertions/deletions were identified, filtered by depth, quality, alternative-read support, allele fraction, and cohort frequency, mapped to GENCODE exons, and aggregated as unique per-gene burdens. Principal component analysis, Linear SVC, penalized logistic regression, and random forest learning were evaluated with repeated stratified cross-validation. Cohort-frequency filtering reduced the median call count from 139,422 to 68,842 while increasing the first-two-component explained variance from 41.2% to 53.6%, PERMANOVA R-squared from 0.142 to 0.386, and the silhouette coefficient from 0.18 to 0.42. Linear SVC produced the strongest result, with balanced accuracy of 0.980, ROC-AUC of 0.996, and F1-score of 0.981. Coefficient analysis highlighted extracellular matrix and remodeling genes, including POSTN, COL1A1, THBS1, PLIN2, TAGLN3, and MMP9, whereas enrichment and cell-landscape integration linked WE burden to matrix organization, collagen formation, inflammation, angiogenesis, keratinocytes, fibroblasts, endothelial cells, and immune cells. The framework contributes a reproducible feature-engineering bridge between expressed variants, machine learning, pathways, and cellular context. Results are proof-of-concept because run-level dependence, small biological sample size, RNA-specific artifacts, and absent matched DNA prevent clinical or somatic-mutation claims."
12,supplied manuscript text; not independently reproduced,"Peripheral artery disease (PAD) is a progressive atherosclerotic disorder that reduces arterial perfusion of the lower extremities and ranges from asymptomatic disease to chronic limb-threatening ischemia. Current clinical guidelines recognize PAD as both a major cardiovascular risk factor and a limb-threatening condition requiring integrated medical, endovascular, surgical, and wound-care management [1]. Nevertheless, substantial gaps remain in early diagnosis and risk-factor control, particularly among older adults and patients with diabetes [2]. Impaired perfusion, tissue loss, infection, and endothelial dysfunction contribute to chronic nonhealing wounds [3,4]. Diabetic foot ulcers further aggravate tissue damage, increasing the healthcare and socioeconomic burden of chronic wounds worldwide [5,6]."
13,supplied manuscript text; not independently reproduced,"Bulk transcriptomic measurements cannot fully characterize chronic wounds because wound tissues contain heterogeneous populations of keratinocytes, fibroblasts, endothelial cells, pericytes, smooth-muscle cells, and immune cells. Single-cell RNA sequencing (scRNA-seq) resolves this cellular complexity by enabling analyses of cell states, trajectories, biomarkers, and intercellular interactions. Previous studies of wound-edge tissues identified genome-wide hypermethylation and repression of epithelial-to-mesenchymal transition pathways, with keratinocytes playing a dominant role [7]. Additional investigations linked endothelial PLCG2 deficiency to impaired VEGF signaling [8], while diabetic foot ulcer atlases demonstrated coordinated dysfunction across fibroblast, vascular, and immune compartments during impaired wound healing [9,10]."
15,supplied manuscript text; not independently reproduced,"Machine learning provides an effective approach for reducing the high dimensionality of expressed-variant data while preserving biologically meaningful information. Current scRNA-seq guidelines emphasize rigorous quality control, transparent preprocessing, and appropriate biological replication [11]. Furthermore, normalization and dimensionality reduction substantially influence downstream analyses, making leakage-free validation essential [12,13]. Because coordinate-level variant matrices are sparse and difficult to interpret, aggregating accepted variants into gene-level burden features creates a more robust representation. These features can then be evaluated using standardization, variance filtering, principal component analysis (PCA), and complementary linear and nonlinear machine-learning models within repeated cross-validation."
17,supplied manuscript text; not independently reproduced,"This paper addresses that gap with an end-to-end framework for WE versus UWE analysis. Its contributions are: (1) an explicit expressed-variant acceptance rule combining read depth, call quality, alternative-read depth, variant allele fraction, and cohort-frequency exclusion; (2) a variant-to-gene aggregation model that constructs a sample-by-gene burden matrix; (3) leakage-aware model components for scaling, filtering, PCA, Linear SVC, logistic regression, and random forest comparison; (4) repeated stratified evaluation, pooled prediction metrics, and permutation significance assessment; and (5) biological integration of classifier coefficients with Gene Ontology, Reactome, and a 38-cluster scRNA-seq landscape. The study is presented as computational hypothesis generation. It does not claim confirmed somatic mutations, independent clinical validation, or a deployable PAD diagnostic model."
20,supplied manuscript text; not independently reproduced,"Droplet-based scRNA-seq enabled massively parallel transcript profiling through cell barcodes and unique molecular identifiers, establishing the technical basis for modern tissue atlases [14]. In wound repair, this resolution is important because cells with the same broad annotation can occupy inflammatory, migratory, proliferative, or matrix-remodeling states. Epidermal studies have shown that basal keratinocytes undergo state transitions during homeostasis and repair [15]. Fibroblast-centered work has likewise identified heterogeneous wound-associated populations and lineage plasticity [16]. Comparative analysis of fibrotic and regenerative dermis has revealed distinct myofibroblast and macrophage programs, including pathways related to proliferation, migration, and transforming growth factor signaling [17]. These findings complement cellular models of wound healing that organize repair into hemostatic, inflammatory, proliferative, and remodeling processes [18]."
21,supplied manuscript text; not independently reproduced,"For chronic wounds relevant to PAD, hypoperfusion interacts with diabetes, infection, senescence, and repeated tissue injury. Reviews of pathological wound healing emphasize that delayed closure reflects failure to resolve inflammation and restore extracellular-matrix and vascular homeostasis [19]. The PRJNA736095/GSE176415 source study is particularly relevant because it compares chronic wound-edge tissue with unwounded skin and provides both expression and epigenetic context [7]. Its public single-cell component contains seven GEO samples, while the SRA organization exposes 14 sequencing runs. That hierarchy is methodologically important: runs provide computational observations, but the biological units remain the GEO samples."
23,supplied manuscript text; not independently reproduced,"Variant discovery from scRNA-seq is an emerging but technically constrained task. A patient-derived cell-line study showed that scRNA-seq calls can assist cellular-identity assessment when quality and allelic evidence are carefully controlled [20]. A more recent benchmark comparing bulk and single-cell strategies demonstrated that performance depends on modality, coverage, caller, and filtering design [21]. Earlier systematic comparisons also found substantial differences among single-cell RNA variant-detection methods [22]. These studies collectively reject the assumption that a generic DNA-seq pipeline can be transferred to spliced, expression-dependent RNA reads without adaptation."
24,supplied manuscript text; not independently reproduced,"Specialized approaches address different parts of the problem. scAllele combines local assembly with variant detection and allele-specific splicing analysis [23]. SComatic was developed for de novo somatic-mutation discovery in high-throughput single-cell profiles and uses cross-cell evidence to suppress artifacts [24]. Monopogen integrates population priors to call single-nucleotide variants from single-cell sequencing data [25]. At the read-processing level, reliable RNA variant identification requires aggressive removal of mapping artifacts and known editing signals [26]. REDItools provides a dedicated route for RNA-editing detection [27], whereas RNA-oriented GATK workflows formalize split-read handling, recalibration, and joint-genotyping considerations [28]. In contrast, the present study uses a transparent bcftools-based call-and-filter branch and deliberately labels retained positions as expressed candidates rather than confirmed somatic variants."
26,supplied manuscript text; not independently reproduced,"Coordinate-level variants are often too sparse for sample-level learning. Rare-variant genetics addresses a related dimensionality problem by aggregating variants within functional units. The sequence kernel association test demonstrated that gene-level aggregation can improve power when individual rare effects are weak or heterogeneous [29]. Reviews of rare-variant association designs distinguish simple burden tests, variance-component tests, and combined approaches [30]. The current framework does not perform an association test; it adopts the representational insight that a gene is an interpretable aggregation unit. Each burden entry counts unique accepted expressed variants mapped to an exon of a given gene in a given run-level observation."
29,supplied manuscript text; not independently reproduced,"High-dimensional genomic classification is vulnerable to feature leakage, unstable selection, and optimistic resampling. Guidance for machine learning in genomics recommends simple baselines, nested preprocessing, transparent evaluation units, and external validation [31]. Leakage can occur before model fitting when features are selected or transformed with information from the full cohort [32]. Small-sample cross-validation also has intrinsically large uncertainty, even when mean performance appears high [33]. Microarray research established that selecting genes before cross-validation biases prediction estimates [34], and later work showed that model selection can introduce a second layer of overfitting [35]."
30,supplied manuscript text; not independently reproduced,"In multi-sample scRNA-seq, pseudobulk or sample-level summaries often provide more reliable inferential units than treating cells as independent replicates [36]. Multinomial feature-selection methods illustrate how dimension reduction can stabilize single-cell representations [37]. The present analysis similarly learns from run-level gene-burden vectors rather than individual cells. Linear SVC, penalized logistic regression, PCA-based logistic regression, univariate KBest selection, and a 500-tree random forest are implemented through a common machine-learning toolkit [38]. Repeated stratification estimates resampling variability, while a label-permutation test assesses whether the observed balanced accuracy exceeds a chance distribution [39]."
35,supplied manuscript text; not independently reproduced,"The proposed workflow contains four linked layers: data preprocessing, expressed-variant discovery, gene-burden feature construction, and machine-learning/biological interpretation. FASTQ reads are aligned to the GRCh38 reference, coordinate-sorted alignments are indexed, variants are called separately for each run, and RNA-oriented thresholds remove low-evidence records. A cohort-frequency step excludes positions observed in at least four run-level observations, thereby prioritizing less recurrent candidates. Retained coordinates are intersected with GENCODE exons, whose reference annotation supplies stable gene identifiers [40]. Unique variant positions are counted per gene and run to create the feature matrix. Scaling, feature reduction, classification, permutation testing, enrichment, and cluster integration then operate on this matrix."
36,supplied manuscript text; not independently reproduced,"Figure 1 shows the complete computational sequence and its deliverables. Alignment follows the logic of splice-aware RNA mapping developed for STAR [41], while VCF processing uses bcftools conventions described in the SAMtools/BCFtools ecosystem [42]. Exon overlap follows interval-intersection principles implemented by BEDTools [43]. These tools are used as interoperable components rather than as novel algorithms. The contribution lies in how the resulting evidence is filtered, aggregated, evaluated, and integrated for a small-cohort wound analysis."
39,supplied manuscript text; not independently reproduced,                        Figure 1. Proposed end-to-end computational framework for mutation-derived gene-burden modeling.
51,supplied manuscript text; not independently reproduced,"Figure 2 organizes the evaluation architecture. The gene-burden matrix is partitioned by repeated stratified cross-validation. All data-dependent preprocessing is fitted on the training fold and applied to its test fold. Predictions are aggregated across 5 folds and 30 repeats. Three model families assess complementary decision structures: a maximum-margin linear classifier, probabilistic linear models with different regularizers or feature transforms, and a nonlinear tree ensemble. Performance is summarized with balanced accuracy, precision, recall, F1-score, and ROC-AUC; a permutation distribution supplies a nonparametric reference for balanced accuracy. Coefficients or feature importances are then linked to enrichment results and expression-defined clusters."
54,supplied manuscript text; not independently reproduced,"Figure 2. Machine learning evaluation and biological integration framework. Repeated stratified cross-validation, model comparison, permutation testing, feature attribution, pathway analysis, and cell-landscape integration are treated as one analytical chain."
56,supplied manuscript text; not independently reproduced,"The public data originate from NCBI BioProject PRJNA736095 and GEO series GSE176415. The GEO record describes a human chronic wound-edge versus unwounded-skin scRNA-seq study associated with genome-wide DNA hypermethylation and impaired epithelial-to-mesenchymal transition [7]. The single-cell series contains seven biological GEO samples: three wound-edge samples and four unwounded-skin samples. The SRA organization contains 14 run accessions, which are used here as computational observations: eight WE runs (SRR14762238-SRR14762245) and six UWE runs (SRR14762246-SRR14762248 and SRR14762250-SRR14762252). Consequently, n=14 in the burden matrix refers to run-level observations, not 14 independent patients."
57,supplied manuscript text; not independently reproduced,"Figure 3 summarizes the two analysis layers. Cell-level expression processing yielded 38 Leiden clusters, while run-level variant processing yielded the sample-by-gene burden matrix. The cell landscape is used for contextualization rather than for training the WE/UWE classifier. The run-to-GEO hierarchy is retained as a limitation because sequencing runs derived from the same GEO sample may share donor, library, or batch signals. Table 1 reports the configuration used for the artifact set supplied with this study."
62,supplied manuscript text; not independently reproduced,"Per-run FASTQ files were aligned against GRCh38 with a splice-aware strategy and exported as coordinate-sorted BAM files with BAI indexes. Per-run mpileup evidence was converted into VCF records containing SNPs and short insertions/deletions. The analysis retained biallelic and multiallelic records only when the necessary FORMAT or INFO fields supported calculation of depth and alternative-read evidence. Records with missing depth, quality, or allele-depth information were rejected rather than imputed."
63,supplied manuscript text; not independently reproduced,"The four local thresholds in (1) were selected to suppress shallow and weakly supported calls while preserving moderate expressed alleles. The depth threshold DP≥10 provides a minimum evidence base, QUAL≥30 corresponds to an error probability no greater than approximately 10^(-3) under a Phred interpretation, ADalt≥3 prevents a single read from defining a feature, and VAF≥0.10 removes extreme minor-read fractions. For a Phred quality score Q, the implied error probability is:"
86,supplied manuscript text; not independently reproduced,"The PCA10 model retained up to ten components, subject to the rank allowed by each training fold. PCA was also used descriptively to compare baseline and cohort-filtered geometry. PERMANOVA quantified the fraction of multivariate distance variation associated with WE/UWE labels, and the silhouette coefficient summarized within-group cohesion relative to between-group separation. These descriptive tests support visualization but do not replace independent prediction."
93,supplied manuscript text; not independently reproduced,"The random forest used 500 trees and combined their class probabilities. If  is the number of trees and  is the probability from tree , the ensemble probability is:"
96,supplied manuscript text; not independently reproduced,"Repeated stratified cross-validation used 5 folds and 30 repeats. Because each test fold is very small, fold-wise metrics are discrete and volatile; results were therefore summarized in two ways. Table 2 reports mean fold-level balanced accuracy with dispersion and rounded summary metrics, while Figure 6 reports point estimates from pooled out-of-fold predictions supplied for the five visualized models. The distinction explains why pooled and mean-fold values are not identical. Hyperparameters were not interpreted as optimized clinical settings."
110,supplied manuscript text; not independently reproduced,"Genes were ranked by signed logistic-regression coefficients and total or differential burden. Over-representation analysis used a hypergeometric model with false-discovery-rate control [44]. Gene identifiers were submitted to g: Profiler [45], with Gene Ontology [46] and Reactome [47] as principal knowledge sources. The probability of observing at least genes from a pathway of size  in a submitted set of size  drawn from a universe of  is:"
114,supplied manuscript text; not independently reproduced,"Finally, informative mutation-derived genes were cross-referenced with marker genes from the 38 Leiden clusters. Single-cell challenges such as sparsity, batch structure, and annotation uncertainty were considered when interpreting this overlap [48]. Expression-dependent missingness [49] and cluster instability [50] further motivated reporting broad cell-type context rather than treating cluster overlap as proof of a cell-specific mutation."
118,supplied manuscript text; not independently reproduced,"Figure 4 compares total records, SNPs, and INDELs before and after cohort-frequency filtering for every run. The median total number of accepted records decreased from 139,422 (IQR 90,205-159,057) to 68,842 (IQR 41,849-82,412), a median reduction of approximately 50.6%. SNPs dominated the call set: their median decreased from 133,686 to 65,583, while median INDELs decreased from 5,856 to 2,906. The similar proportional reduction for SNPs and INDELs indicates that the cohort filter did not act exclusively on one variant class."
119,supplied manuscript text; not independently reproduced,"Substantial run-to-run variability remained. Some WE and UWE runs contained more than 150,000 prefilter records, whereas others contained fewer than 70,000. This spread is consistent with expression-dependent coverage, library depth, cell recovery, and alignment quality. It also demonstrates why raw variant count alone is not an adequate condition classifier. The postfilter distributions were compressed but not equalized, so standardization and gene-level structure remained necessary. The quality analysis supports the expected mechanical effect of the frequency rule; it does not establish that removed loci were germline or that retained loci were somatic."
121,supplied manuscript text; not independently reproduced,"Figure 4. Quality assessment of expressed-variant discovery across the cohort. Blue boxes show locally filtered calls and green boxes show cohort-frequency-filtered calls for 14 run-level observations; panels report total records, SNPs, and INDELs."
123,supplied manuscript text; not independently reproduced,"The baseline PCA in Figure 5A explained 26.4% of variance with  and 14.8% with , for 41.2% across the first two components. WE observations tended toward negative  and UWE observations toward positive , but several samples remained near the decision boundary. The corresponding PERMANOVA R-squared was 0.142 with  0.028, and the silhouette coefficient was 0.18. These values indicate detectable but weakly compact group geometry."
124,supplied manuscript text; not independently reproduced,"After cohort-frequency filtering, explained 34.7% and  explained 18.9%, totaling 53.6%. PERMANOVA R-squared increased to 0.386 with 0.002, and the silhouette coefficient increased to 0.42. The 27.1 percentage-point increase in R-squared and 0.24 increase in silhouette show that removal of cohort-common positions concentrated the WE/UWE-associated structure. The result is compatible with suppression of common germline and technical signals, but it can also reflect feature selection on the full cohort. The filtered PCA is therefore evidence of improved descriptive separation, not an unbiased estimate of prediction on new participants."
126,supplied manuscript text; not independently reproduced,Figure 5. PCA visualization of the gene-buren feature space before and after cohort-frequency filteri               
128,supplied manuscript text; not independently reproduced,"Figure 6 shows that Linear SVC achieved the strongest pooled out-of-fold point estimates: balanced accuracy 0.980, ROC-AUC 0.996, precision 0.981, recall 0.981, and F1-score 0.981. Pooled balanced accuracy for the remaining visualized models ranged from 0.948 to 0.959, and ROC-AUC ranged from 0.988 to 0.993. The supplied permutation probabilities were   for Linear SVC,  for L2 logistic regression,  for PCA logistic regression, 2 for KBest logistic regression, and   for random forest. These values indicate that the run-level label structure was not readily reproduced by randomized labels under the supplied protocol."
129,supplied manuscript text; not independently reproduced,"Table 2 reports the repeated fold-level summary requested for six model configurations. Linear SVC, L2 logistic regression, and PCA10 logistic regression each reached a mean balanced accuracy of approximately 0.97, while KBest, random forest, and L1 logistic regression showed lower averages and larger dispersion. The close performance of the three strongest linear models suggests that WE/UWE structure is broadly linearly separable in the standardized burden space. The weaker L1 result implies that aggressive sparsity discards jointly informative genes, while the random-forest variability suggests that complex partitions are unstable with very few training observations."
135,supplied manuscript text; not independently reproduced,"The pooled metrics in Figure 6 and mean-fold metrics in Table II quantify different aggregations and should not be numerically equated. Pooled estimates combine predictions across repeated test folds before calculating a metric; mean-fold estimates average metrics calculated on very small test partitions. With only two or three observations in some folds, the latter have coarse values and high variance. More importantly, both estimates are run-level. Since runs from the same GEO biological sample can occur in different folds, the values quantify separability within the supplied run structure and may include donor or library information. They are not evidence of 98% accuracy in independent PAD patients."
137,supplied manuscript text; not independently reproduced,"Figure 7 shows the signed coefficients obtained from logistic regression using the cohort-filtered gene-burden features, with WE encoded as the positive class. POSTN had the strongest positive coefficient, with , followed by COL1A1 at 2.684, THBS1 at 2.215, PLIN2 at 1.842, TAGLN3 at 1.576, MMP9 at 1.348, and IGFBP7 at 1.123. CXCL14, SPP1, NNMT, and SEMA3F also contributed positively to the WE decision function."
138,supplied manuscript text; not independently reproduced,"The positively weighted features were dominated by genes connected with extracellular-matrix formation, collagen structure, matricellular signaling, inflammation, angiogenesis, and tissue remodeling. This pattern is biologically compatible with a chronic wound edge containing active but dysregulated repair mechanisms. In particular, POSTN and COL1A1 support a strong extracellular-matrix component, while THBS1, MMP9, SPP1, and IGFBP7 connect the mutation-derived feature space with matrix turnover, inflammatory recruitment, vascular responses, and cellular stress."
139,supplied manuscript text; not independently reproduced,"GABPB1-AS1 had the strongest negative coefficient, with , followed by EML1 at −1.534, SSBP3 at −1.201, N4BP2L2 at −0.983, PSMG4 at −0.764, LRRC47 at −0.612, PDLIM3 at −0.487, NHEJ1 at −0.412, FZD2 at −0.356, RGS20 at −0.298, and COL6A3 at −0.241. Under the selected encoding, negative coefficients represent higher standardized burden in UWE relative to WE. They should not be interpreted automatically as biologically protective effects."
145,supplied manuscript text; not independently reproduced,"The functional analysis presented in Figure 8 considered three gene sets: all genes containing at least one expressed variant, genes with higher mutation-derived burden in WE, and genes with higher burden in UWE. Across all samples, extracellular-matrix organization was the most significant Reactome term. Other dominant processes included collagen formation, neutrophil degranulation, innate immune activity, adaptive immune activity, proteoglycan metabolism, cell-adhesion molecules, PI3K–Akt signaling, angiogenesis, and wound healing. These pathways connect structural tissue repair with inflammatory and vascular processes."
146,supplied manuscript text; not independently reproduced,"The WE-higher gene set was enriched for extracellular-matrix organization, collagen-fibril organization, wound healing, inflammatory responses, angiogenesis, cell adhesion, tissue remodeling, hypoxia responses, PI3K–Akt signaling, and neutrophil degranulation. These results agree with the positively weighted genes identified by logistic regression and support a coherent wound-edge interpretation. The agreement between gene-level coefficients and pathway-level enrichment suggests that the classifier did not depend exclusively on isolated genes but distributed its decision evidence across coordinated biological systems."
151,supplied manuscript text; not independently reproduced,"The enrichment results must nevertheless be interpreted cautiously. Enrichment significance depends on the selected background universe, gene-set size, annotation density, and expression-dependent variant detectability. The analyzed sets were large, including 11,696 WE-higher genes and 8,523 UWE-higher genes. Large gene sets provide high statistical power but may reduce functional specificity. The pathway results should therefore be considered an organizational representation of the mutation-derived signals rather than proof that expressed variants functionally disrupt every enriched pathway. Future analyses should use a detection-aware background, restrict enrichment to stable features, incorporate predicted variant consequences, and compare pathway directions with pseudobulk differential-expression results."
153,supplied manuscript text; not independently reproduced,"Figure 9 integrates the sample-level mutation-derived features with 34,135 cells summarized into broad cellular populations derived from 38 Leiden clusters. The integrated landscape included 9,842 keratinocytes, 7,621 fibroblasts, 4,324 endothelial cells, 3,215 smooth-muscle cells, 5,740 immune cells, 2,106 pericytes, and 1,287 cells assigned to other populations."
154,supplied manuscript text; not independently reproduced,"Median mutation-burden scores differed across the broad cell types. Immune cells had the highest median score of 0.88, followed by keratinocytes at 0.72, smooth-muscle cells at 0.70, fibroblasts at 0.63, pericytes at 0.60, endothelial cells at 0.55, and other cells at 0.48. The distribution indicates that the mutation-derived signal was not restricted to a single cellular compartment. Instead, it involved epithelial, stromal, vascular, smooth-muscle, and immune-associated cell populations."
159,supplied manuscript text; not independently reproduced,"The differential UMAP visualization further showed that the UWE–WE burden direction varied among neighboring cellular states. Keratinocyte, fibroblast, endothelial, smooth-muscle, immune, and pericyte regions contained both positive and negative local patterns rather than demonstrating a uniform tissue-wide shift. The expression heatmap provided additional biological context for the positively weighted classifier genes. POSTN and COL1A1 were particularly prominent in fibroblast and matrix-producing compartments. THBS1 and MMP9 extended across stromal and immune-associated regions, while several positively weighted genes showed limited expression in pericytes and residual cell populations."
163,supplied manuscript text; not independently reproduced,"The strongest positive coefficient was obtained for POSTN, followed by COL1A1 and THBS1. The strongest negative features included GABPB1-AS1, EML1, SSBP3, N4BP2L2, and PSMG4. The dominant all-gene functional themes were extracellular-matrix organization, collagen formation, neutrophil degranulation, and immune activity. WE-higher burden was associated with wound healing, matrix and collagen organization, inflammation, angiogenesis, adhesion, and tissue remodeling. UWE-higher burden was associated with ribosome biogenesis, endoplasmic-reticulum protein processing, RNA splicing, cell-cycle activity, chromatin organization, and metabolic homeostasis."
165,supplied manuscript text; not independently reproduced,"Nevertheless, every analytical layer inherits the same sequencing-run structure and coverage-related biases. The results do not establish that POSTN or COL1A1 variants cause chronic wounds, that UWE-associated genes are biologically protective, or that a high expressed-variant burden diagnoses PAD. They demonstrate that the supplied gene-burden representation contains structured information aligned with WE/UWE labels and chronic-wound biology. The most defensible outcome is therefore a ranked validation agenda: first, inspect and genotype the loci contributing to POSTN, COL1A1, THBS1, MMP9, and the leading negative genes; second, repeat the complete pipeline using GEO-grouped folds; and third, test a locked feature-construction procedure in an independent PAD-related wound cohort."
168,supplied manuscript text; not independently reproduced,"From a machine-learning perspective, the strong performance of Linear SVC and regularized logistic regression is consistent with the high-dimensional and low-sample characteristics of the dataset. Linear models distribute decision evidence across correlated gene-burden features and avoid the unstable fragmentary partitions that can be produced by tree-based models. Comparable results from standardized and PCA-compressed logistic regression suggest that discrimination did not depend on one isolated coordinate. Nevertheless, the run-level performance estimates are likely optimistic for participant-level generalization. The 14 observations originated from only seven GEO biological samples, allowing related sequencing runs to occur in both training and testing partitions. Donor-grouped cross-validation, nested model selection, stability analysis, biological-sample-level confidence intervals, and independent-cohort validation are required before the framework can be compared with clinical PAD classifiers."
169,supplied manuscript text; not independently reproduced,"Biologically, the positive coefficients and enrichment results consistently emphasized extracellular matrix, collagen formation, adhesion, inflammatory signaling, angiogenesis, and tissue remodeling. POSTN, COL1A1, THBS1, MMP9, SPP1, and IGFBP7 are plausible components of a wound-edge program because they connect fibroblast activity, matrix turnover, leukocyte recruitment, and vascular responses. Their integration with the cellular landscape demonstrated expression across keratinocyte, fibroblast, endothelial, smooth-muscle, immune, and pericyte compartments. This multicompartment pattern is compatible with chronic-wound biology, in which failed closure results from interactions among several cellular systems rather than dysfunction in a single lineage. However, expressed-variant burden is not a direct functional assay. Matched DNA sequencing, RNA-editing annotations, spatial or protein-level validation, and perturbation studies are required to determine whether the prioritized genes reflect causal sequence variation, transcription-dependent detectability, or changes in cellular composition."
170,supplied manuscript text; not independently reproduced,"Four main limitations constrain the interpretation. First, only seven biological GEO samples were available, although 14 sequencing runs entered the gene-burden matrix. Second, scRNA-seq variant discovery is affected by uneven coverage, allelic dropout, transcript splicing, mapping bias, RNA editing, and ambient RNA. Third, cohort-frequency filtering may remove genuine recurrent disease-related variants while retaining systematic artifacts that occur below the selected threshold. Without matched normal DNA, the retained candidates cannot be classified as confirmed somatic mutations. Fourth, the broad enrichment universe and cell-cluster annotations may amplify well-characterized pathways. Future work should incorporate genotype-aware recalibration, population-frequency databases, RNA-editing annotations, functional-consequence weighting, donor-grouped validation, training-only feature construction, multimodal expression–burden fusion, independent PAD cohorts, and targeted DNA validation. These extensions would transform the current hypothesis-generating framework into a more credible precision-medicine evaluation pipeline."
172,supplied manuscript text; not independently reproduced,"This study presented an interpretable machine learning framework for transforming expressed variants identified from scRNA-seq data into gene-level burden features for integrative peripheral artery disease analysis. The framework combines splice-aware alignment, per-run variant discovery, explicit quality and allele-frequency filtering, cohort-frequency exclusion, exon-overlap annotation, gene-burden matrix construction, feature engineering, repeated cross-validation, and biological interpretation. In the analyzed PRJNA736095 dataset, cohort-frequency filtering reduced the median number of variant records by approximately one half and improved the descriptive separation between wound-edge and unwounded skin observations. Linear SVC achieved the strongest pooled classification performance, while regularized logistic regression provided interpretable coefficients for identifying influential mutation-derived genes."
173,supplied manuscript text; not independently reproduced,"The leading WE-associated features, including POSTN, COL1A1, THBS1, MMP9, SPP1, and IGFBP7, were linked to extracellular-matrix organization, collagen formation, inflammation, angiogenesis, adhesion, and tissue remodeling. Integration with the scRNA-seq cell landscape placed these signals within epithelial, stromal, vascular, smooth-muscle, and immune compartments. The principal advantage of the proposed approach is its multiscale interpretability: each modeled feature can be traced from an expressed variant to a gene, classifier coefficient, enriched pathway, and relevant cellular context."
174,supplied manuscript text; not independently reproduced,"However, the findings remain hypothesis-generating because 14 run-level observations represent only seven biological samples, RNA-derived variants were not confirmed using matched DNA, and standard run-level validation may overestimate participant-level generalization. Future work should employ donor-grouped and training-only feature construction, consequence-weighted burdens, RNA-editing controls, independent PAD cohorts, and targeted DNA validation. With these extensions, expressed-variant gene-burden modeling could provide a reproducible component of integrative PAD and chronic-wound precision research."
181,supplied manuscript text; not independently reproduced,"Data Availability Statement: The original sequencing data are openly available through NCBI BioProject PRJNA736095 (https://www.ncbi.nlm.nih.gov/bioproject/PRJNA736095; accessed 9 June 2026). Analysis code is available in the project repository at https://github.com/dauletulyaidyn/somatic-like-scrna-variants-ml-pipeline. Public datasets GSE248247, GSE165816, and GSE265972 were reviewed only for external-data scope and wording."
