sample,condition,group
SRR14762238,unwounded_skin,GSM5364333
SRR14762239,unwounded_skin,GSM5364333
SRR14762240,unwounded_skin,GSM5364334
SRR14762241,unwounded_skin,GSM5364334
SRR14762242,unwounded_skin,GSM5364335
SRR14762243,unwounded_skin,GSM5364335
SRR14762244,unwounded_skin,GSM5364336
SRR14762245,unwounded_skin,GSM5364336
SRR14762246,wound_edge,GSM5364337
SRR14762247,wound_edge,GSM5364337
SRR14762248,wound_edge,GSM5364338
SRR14762250,wound_edge,GSM5364338
SRR14762251,wound_edge,GSM5364339
SRR14762252,wound_edge,GSM5364339
